{"lr": 0.0010215822110103152, "data_time": 0.015990581512451172, "grad_norm": 1.7117147088050841, "loss": 0.6390518081188202, "loss_cls": 0.42255105257034303, "loss_bbox": 0.16833254873752593, "loss_dir": 0.04816821053624153, "time": 0.32765974998474123, "epoch": 1, "iter": 500, "memory": 11633, "_timestamp": 1708998583.263965, "_runtime": 204.0613408088684, "_step": 9, "_wandb": {"runtime": 200}}