{"labels_3d": [0, 0, 0, 0, 0, 0, 0, 0, 0, 0], "scores_3d": [0.9750428795814514, 0.9681780338287354, 0.9457294344902039, 0.8904330730438232, 0.8889619708061218, 0.7711431980133057, 0.7554051280021667, 0.7057909369468689, 0.5796414613723755, 0.44160714745521545], "bboxes_3d": [[14.7586030960083, -1.053900957107544, -1.5589464902877808, 3.7562646865844727, 1.606018304824829, 1.558731198310852, -0.3132154941558838], [6.43773889541626, -3.867872476577759, -1.735586404800415, 3.1476645469665527, 1.4599915742874146, 1.4284664392471313, -0.29982995986938477], [8.112312316894531, 1.216991901397705, -1.6339919567108154, 3.666219472885132, 1.5731351375579834, 1.5916659832000732, 2.8161721229553223], [20.169775009155273, -8.430985450744629, -1.6690070629119873, 2.3816397190093994, 1.5175740718841553, 1.5693763494491577, -0.3255244493484497], [33.455814361572266, -7.0358734130859375, -1.337639570236206, 4.213878154754639, 1.7446836233139038, 1.6697633266448975, 2.8285622596740723], [55.62163162231445, -20.328744888305664, -1.377049446105957, 4.370460033416748, 1.73589289188385, 1.7066905498504639, 2.8503384590148926], [3.638394832611084, 2.737973690032959, -1.6890835762023926, 3.7203476428985596, 1.5819814205169678, 1.51776123046875, -0.2305583953857422], [25.040599822998047, -10.156489372253418, -1.6326427459716797, 3.7391443252563477, 1.6084972620010376, 1.4840397834777832, -0.3298999071121216], [28.725465774536133, -1.5524342060089111, -1.2016969919204712, 3.693882703781128, 1.5429909229278564, 1.5609301328659058, 1.241531491279602], [40.87091064453125, -9.748929977416992, -1.3667993545532227, 3.833237648010254, 1.653005838394165, 1.5704081058502197, -0.2881338596343994]], "box_type_3d": "LiDAR"}